<?xml version="1.0" encoding="UTF-8"?>
<project-private xmlns="http://www.netbeans.org/ns/project-private/1">
    <editor-bookmarks xmlns="http://www.netbeans.org/ns/editor-bookmarks/2" lastBookmarkId="0"/>
    <open-files xmlns="http://www.netbeans.org/ns/projectui-open-files/2">
        <group>
            <file>file:/C:/Users/Microsoft%20Windows/Documents/SpeedA/ParteMia/web/nuevoGasto.jsp</file>
            <file>file:/C:/Users/Microsoft%20Windows/Documents/SpeedA/ParteMia/src/java/baseDatos/cDatos.java</file>
            <file>file:/C:/Users/Microsoft%20Windows/Documents/SpeedA/ParteMia/src/java/ClasesJava/GastoBean.java</file>
            <file>file:/C:/Users/Microsoft%20Windows/Documents/SpeedA/ParteMia/web/javascript/Validaciones.js</file>
        </group>
    </open-files>
</project-private>
